No.1 ,No.2,No.3,No.4,No.5,No.6,No.7,No.8,No.9,No.10
9.522,10.96,9.983,10.04,9.612,9.938,9.851,9.532,10.326,9.826
9.774,10.267,9.88,10.096,10.074,9.614,9.556,9.841,9.816,10.003
9.947,10.421,9.51,10.276,10.318,10.45,10.244,9.879,10.05,9.74
9.831,10.045,9.845,10.402,9.548,9.705,9.472,10.3,10.251,10.078
9.986,10.076,9.781,9.625,10.206,10.512,9.802,10.068,9.81,10.136
9.602,10.87,10.134,10.011,9.688,10.286,10.046,9.987,10.274,10.076
9.658,10.461,10.209,10.337,10.079,10.121,10.274,10.111,9.829,10.199
9.964,10.515,9.929,10.449,10.268,10.09,10.269,10.318,10.037,10
9.807,10.047,9.835,10.397,9.634,10.374,9.438,10.194,9.803,9.782
9.825,10.153,9.648,10.282,10.373,9.462,10.164,9.984,10.192,10.259
9.66,10.393,10.45,10.166,10.493,10.397,10.033,10.15,9.715,10.134
9.668,10.186,10.446,10.07,10.374,9.592,9.888,9.857,9.76,10.298
9.642,10.43,9.914,9.895,10.462,9.689,9.838,9.731,9.726,10.054
9.554,10.158,9.689,9.719,9.922,9.712,10.011,10.194,10.295,10.144
9.893,10.615,9.725,9.699,10.333,10.21,9.946,10.116,10.042,10.044
9.67,10.241,9.869,10.135,10.211,9.767,9.905,10.307,9.658,9.986
9.684,10.954,9.979,9.733,10.485,9.659,9.723,10.097,10.179,9.721
9.918,10.774,9.575,9.951,10.274,9.611,10.11,10.326,9.673,10.136
9.812,10.32,9.918,10.222,10.33,9.64,9.755,10.24,10.294,10.215
9.779,10.611,10.463,9.784,9.82,10.138,9.505,9.924,9.898,10.209
9.537,10.958,9.817,10.064,10.109,9.802,10.538,9.931,9.847,10.15
9.785,10.822,9.945,10.246,10.391,10.452,9.756,9.855,9.81,9.973
9.713,10.009,9.836,9.811,10.183,10.156,10.279,9.742,10.128,10.275
9.82,10.041,9.741,10.06,9.811,9.693,10.095,9.872,10.159,9.927
9.508,10.58,9.929,10.21,10.363,9.811,10.291,10.31,9.922,9.749
9.756,10.895,9.943,10.303,10.119,10.105,9.726,9.988,10.284,10.002
9.666,10.246,9.86,9.966,9.897,10.225,10.467,10.276,9.741,9.753
9.892,10.577,9.621,9.528,10.018,10.417,10.076,9.669,10.004,9.941
9.606,10.707,9.751,10.203,10.473,10.025,9.502,10.03,10.241,9.726
9.635,10.345,9.68,10.438,9.773,9.51,9.967,10.356,9.773,10.191
9.662,10.151,9.651,10.34,10.174,9.976,9.5,10.01,10.048,9.704
9.842,10.822,10.429,10.215,10.287,9.562,9.992,9.899,9.756,10.272
9.535,10.554,9.784,10.431,10.023,10.468,10.568,9.908,9.764,10.057
9.676,9.593,9.649,9.536,9.945,9.976,9.717,10.172,10.107,9.852
9.598,10.235,9.963,10.326,9.761,9.716,10.467,9.892,9.877,10.056
9.634,10.326,9.984,10.403,10.408,10.023,9.439,9.975,10.024,9.94
9.999,10.32,9.719,10.134,9.655,10.432,9.868,10.059,10.031,10.168
9.865,10.443,9.637,10.155,10.479,10.217,9.888,10.244,10.184,9.924
9.984,10.897,9.558,10.182,10.341,9.6,9.824,9.882,10.088,10.154
9.575,10.118,9.654,10.259,10.289,10.092,10.559,9.902,9.957,9.825
9.689,9.888,9.882,10.384,10.267,9.959,9.441,10.108,10.13,9.801
9.533,10.143,9.68,10.018,10.316,9.491,10.144,10.274,9.801,10.208
9.91,9.579,9.877,10.108,9.803,10.512,10.035,10.354,10.215,9.759
9.995,10.437,9.524,10.483,9.796,9.498,10.319,10.003,9.917,10.047
9.712,9.99,9.934,9.688,9.904,10.506,9.869,10.174,9.848,9.954
9.958,10.384,9.991,10.252,9.711,10.48,10.165,9.673,9.843,9.961
9.583,9.959,9.539,10.162,10.136,10.567,10.485,9.793,10.076,10.103
9.721,10.955,9.543,10.173,10.255,9.912,10.502,10.213,9.708,9.702
9.875,10.735,9.744,9.722,10.129,9.953,10.193,10.052,9.945,9.768
9.87,10.318,9.832,9.536,10.004,10.219,10.391,10.213,9.717,10.184
9.934,10.849,9.629,10.027,10.492,10.425,10.44,10.23,9.713,10.064
9.712,10.113,9.739,9.541,10.409,10.481,10.141,10.137,10.301,10.271
9.559,10.814,9.705,10.113,9.993,10.336,10.04,10.064,9.884,9.719
9.701,10.584,9.753,10.049,9.71,9.778,10.395,10.17,10.004,10.182
9.699,10.016,9.946,10.058,10.087,9.641,9.582,9.794,9.736,10.285
9.972,10.854,9.897,10.27,10.065,9.551,9.916,10.279,9.898,10.102
9.897,10.287,9.541,10.334,10.127,9.825,10.542,10.291,9.928,9.731
9.722,9.413,10.147,9.591,10.362,9.695,10.348,9.996,9.821,9.981
9.725,10.253,9.961,10.154,10.16,9.617,10.07,10.053,10.119,9.769
9.973,10.248,9.614,9.514,10.377,10.166,9.823,10.246,9.987,10.161
9.605,10.599,9.982,10.264,9.831,9.471,9.533,10.281,9.994,10.006
9.742,10.237,9.673,10.203,10.292,10.057,9.49,9.83,10.211,9.886
9.776,10.18,9.677,10.223,10.076,10.26,9.44,9.83,9.98,9.956
9.844,10.801,10.28,10.469,9.525,10.555,9.702,10.182,10.34,10.152
9.7,10.639,9.772,9.705,10.036,10.461,10.061,9.697,10.089,9.79
9.844,9.441,9.552,10.079,10.454,9.465,10.264,9.651,10.223,10.27
9.603,10.679,9.84,10.124,10.26,10.078,9.567,9.849,10.02,10.185
9.799,10.585,10.196,10.33,10.464,9.631,10.28,10.289,10.065,9.915
9.678,10.818,9.7,9.704,10.349,9.9,9.633,9.703,9.912,10.063
9.907,10.765,9.615,10.012,10.331,10.11,9.738,10.125,9.978,10.11
9.775,10.519,9.867,10.096,9.969,10.111,9.739,9.914,9.836,9.828
9.783,10.335,9.791,10.127,9.987,9.576,9.78,10.28,9.659,9.783
9.983,10.469,9.662,10.409,10.116,9.487,10.136,9.925,9.852,9.95
9.715,10.904,9.939,10.441,10.234,10.592,10.488,9.918,9.947,10.035
9.722,10.125,9.55,10.44,10.182,9.784,10.041,10.008,9.741,10.112
9.517,10.531,9.845,10.031,10.422,9.807,10.035,10.328,9.691,10.138
9.795,9.041,9.701,10.076,10.153,10.544,9.832,9.834,9.953,10.157
9.603,10.145,9.658,10.306,9.638,9.416,10.36,9.907,9.819,9.904
9.848,10.075,9.621,10.362,10.149,9.682,9.975,9.644,10.286,9.832
9.598,10.369,9.71,10.472,10.158,10.322,9.463,9.911,10.156,10.077
9.568,10.919,9.647,10.034,10.249,10.585,10.502,9.922,9.805,9.785
9.845,10.254,9.819,10.456,9.688,10.486,10.467,10.063,9.708,9.964
9.57,10.186,9.568,10.146,10.174,10.092,9.913,9.701,10.17,9.761
9.95,10.042,9.508,9.907,10.453,9.722,9.998,9.995,10.075,9.935
9.676,10.504,10.367,10.239,9.965,9.814,10.113,9.85,9.912,9.737
9.703,10.795,9.937,10.422,9.902,9.857,9.412,10.007,10.11,10.281
9.566,10.409,9.789,10.495,10.284,10.238,10.434,10.359,10.012,9.835
9.53,10.433,9.731,10.118,10.322,10.308,10.43,10.097,9.831,10.289
9.693,10.156,9.898,9.774,10.197,10.184,9.471,9.98,9.79,9.741
9.618,10.936,9.874,9.766,10.363,10.536,10.264,9.816,10.34,10.26
9.917,9.704,9.754,10.201,10.45,9.757,9.495,10.102,10.234,10.08
9.536,10.16,9.692,9.643,10.242,9.608,10.456,10.093,9.75,10.259
9.961,10.214,9.743,9.544,10.14,10.584,9.766,10.261,9.999,10.04
9.814,10.667,9.614,9.764,10.058,10.339,10.381,10.334,10.21,10.268
9.646,10.922,9.629,9.786,10.021,9.623,10.018,10.083,10.283,9.76
9.754,10.006,9.92,9.743,10.48,9.979,10.005,10.234,10.343,9.804
9.576,10.221,9.793,9.644,10.457,9.535,10.225,9.784,9.788,10.158
9.516,10.523,9.783,10.033,10.379,9.438,9.988,9.926,9.895,10.008
9.98,10.989,9.513,9.62,9.652,10.031,10.245,9.703,9.65,9.967
9.695,10.116,9.711,10.03,10.446,9.458,9.415,10.093,10.214,10.094
9.932,10.575,9.735,10.251,10.375,10.235,10.445,9.728,10.26,9.953
9.83,10.775,9.873,10.468,10.259,9.526,9.589,9.802,9.815,10.145
9.81,10.444,10.133,9.814,9.96,10.307,9.844,10.013,10.014,9.775
9.882,10.871,9.904,10.083,10.069,9.648,10.142,10.309,10.094,10.115
9.96,10.634,9.849,10.446,10.339,9.502,10.123,10.3,10.011,9.986
9.864,10.529,9.892,10.054,10.424,9.766,10.111,10.339,10.213,9.761
10.279,10.816,10.257,10.36,9.536,10.228,10.164,10.274,10.026,10.198
9.978,9.884,9.831,9.946,10.164,10.105,9.873,9.89,10.033,10.136
9.615,10.362,9.822,10.286,9.804,9.57,10.54,9.918,9.829,9.789
9.805,10.945,10.27,10.359,9.738,9.953,10.536,10.019,9.941,10.073
9.891,10.761,9.888,10.035,9.89,9.641,10.343,9.963,10.314,9.775
9.937,9.453,9.604,9.623,9.525,9.957,10.406,10.15,9.857,9.766
9.917,10.857,9.817,10.198,9.609,10.205,10.055,9.925,9.879,9.935
10.097,10.896,9.851,9.815,10.235,9.923,9.473,9.876,10.147,10.118
9.975,9.337,9.786,10.133,10.312,9.99,10.453,9.786,10.296,9.859
10.438,10.497,9.985,9.532,10.067,10.14,10.229,9.7,9.965,9.832
9.52,10.727,9.837,10.122,9.912,9.893,10.396,9.743,9.707,10.152
9.789,10.303,9.996,10.283,10.367,10.045,10.579,10.198,9.694,10.144
9.526,10.416,9.841,9.745,9.6,9.59,10.211,9.918,10.248,9.766
9.707,10.183,9.88,10.259,9.994,9.529,9.448,10.045,9.836,9.716
9.935,10.681,9.513,10.083,10.004,9.558,10.372,10.053,10.224,10.293
9.977,10.854,9.926,9.68,10.035,10.38,9.409,9.902,9.969,10.231
9.667,10.246,9.705,10.027,10.031,9.481,9.915,10.32,9.715,9.763
9.544,10.358,9.562,10.19,10.431,9.61,10.564,9.828,9.705,9.803
9.799,10.748,9.59,10.033,10.165,10.282,9.418,10.133,10.204,9.708
9.586,10.28,9.759,10.227,10.204,9.552,9.721,9.903,9.822,9.796
9.615,10.432,9.644,10.298,9.956,10.133,10.44,10.015,10.041,9.726
9.67,9.198,9.559,10.108,10.42,10.574,10.155,10.018,9.872,9.77
9.505,10.71,10.299,9.826,10.305,10.146,10.269,9.766,9.818,10.242
9.81,9.662,9.828,10.03,10.203,10.045,9.85,10.111,9.904,10.102
9.78,10.398,9.831,10.034,10.476,9.479,9.665,9.974,10.233,10.143
9.837,10.822,9.638,10.403,10.176,10.295,9.878,10.147,10.08,10.213
9.642,10.212,9.605,9.742,9.661,10.586,9.663,10.326,9.768,9.74
9.607,10.189,9.875,10.287,10.399,9.886,10.447,9.673,9.713,9.728
9.779,10.413,9.712,10.467,10.059,10.109,9.729,10.027,9.826,10.183
9.57,10.958,9.884,9.602,10.094,9.426,10.2,10.236,10.132,9.926
9.97,10.844,9.829,10.49,10.121,10.314,10.418,9.719,10.007,9.839
9.785,10.016,9.674,10.053,10.276,9.592,9.923,9.809,10.042,9.89
9.899,10.361,9.885,10.267,10.308,9.415,9.898,9.943,10.143,9.954
9.901,10.213,9.98,10.213,10.131,9.409,9.532,10.314,10.276,9.82
9.893,10.13,9.8,9.701,9.673,9.446,10.409,10.338,9.909,9.981
9.684,10.189,9.964,10.37,10.341,10.286,10.172,9.911,9.709,10.062
9.952,9.892,10.116,10.281,10.144,9.568,9.653,10.132,9.774,9.857
9.976,10.014,9.724,10.346,10.489,9.485,9.439,9.832,10.036,10.254
9.652,10.653,9.555,10.351,10.119,10.292,10.256,9.925,9.969,9.913
9.968,10.855,9.52,9.52,9.82,9.825,10.525,9.689,10.277,10.08
9.895,10.915,9.567,9.883,10.179,10.378,9.446,9.713,10.127,9.856
9.705,10.227,9.729,9.689,10.448,10.016,10.509,9.785,10.148,10.297
9.973,9.178,9.727,10.383,9.945,10.511,10.191,10.294,10.303,10.113
9.742,10.728,9.929,9.6,10.428,9.925,9.558,10.179,10.154,9.762
9.559,10.323,9.552,9.947,10.342,9.764,9.609,10.139,9.663,9.836
9.505,10.873,9.579,10.028,10.446,9.67,9.791,10.214,9.688,10.109
9.65,10.336,9.563,9.71,10.486,10.519,9.781,10.228,10.338,9.764
9.548,10.105,9.637,10.25,10.365,9.924,9.7,10.17,10.288,9.795
9.855,10.379,10.486,9.634,9.88,9.841,10.595,9.859,10.138,9.806
9.756,10.99,9.667,10.026,9.693,10.086,10.478,9.681,10.06,10.288
9.66,10.919,9.889,10.418,10.5,10.582,9.575,9.888,10.193,9.875
9.527,10.085,9.747,10.142,10.335,10.277,9.607,10.346,10.335,10.167
9.575,10.507,9.812,10.425,10.114,9.719,10.101,10.334,10.167,10.138
9.82,10.062,9.624,10.165,10.496,10.574,10.138,10.155,9.688,9.834
9.592,10.422,9.79,9.846,10.407,10.416,9.709,10.018,9.887,9.976
9.765,10.767,9.834,9.903,9.916,10.546,10.267,10.092,9.827,10.271
9.666,10.485,9.689,9.658,10.06,10.246,9.695,9.717,10.033,10.086
9.756,10.103,9.677,10.02,9.76,9.477,9.454,10.109,9.643,10.078
9.638,10.932,9.798,10.023,9.572,9.778,10.58,10.263,10.314,10.271
9.7,10.932,9.885,9.974,9.708,9.716,10.001,10.253,9.996,10.291
9.603,10.689,9.727,9.612,10.136,10.017,9.507,10.211,9.707,10.225
9.639,10.706,9.99,10.337,10.146,10.335,9.873,10.196,10.082,10.064
9.52,10.229,9.674,9.686,10.463,10.352,10.038,9.772,10.14,10.275
9.884,10.922,9.976,10.367,9.691,9.951,9.552,10.07,9.986,10.021
9.666,10.801,9.976,10.27,9.956,10.484,10.359,10.177,10.017,10.064
9.696,10.836,9.531,9.706,10.422,9.599,9.56,10.356,9.668,10.027
9.735,9.09,9.523,9.825,10.338,10.025,9.5,9.86,9.963,9.713
9.556,10.221,9.964,10.41,9.679,9.672,9.749,9.833,9.99,10.2
9.77,10.262,9.655,10.455,9.51,10.417,9.591,10.104,9.846,10.069
9.818,10.842,10.326,10.288,10.266,10.088,9.71,9.786,9.79,10.213
9.726,10.527,10.495,10.072,9.956,9.539,10.042,10.342,9.65,10.195
9.544,10.072,9.893,9.961,10.265,10.509,9.862,9.713,9.931,9.895
9.584,10.266,10.112,10.352,9.756,10.187,9.722,10.02,10.121,10.291
9.599,10.257,9.511,9.827,9.731,9.501,9.833,9.694,10.024,9.777
9.671,10.42,9.72,10.406,10.349,9.724,10.535,10.07,10.282,9.742
9.974,10.749,9.787,10.176,9.97,10.408,10.369,10.256,10.343,9.764
9.774,10.208,9.888,10.237,10.208,9.666,10.014,10.093,9.759,9.828
9.52,10.818,9.661,9.787,10.206,9.865,9.766,9.838,10.2,9.976
9.717,10.257,9.637,10.49,9.576,10.599,10.516,9.754,9.84,10.067
9.548,10.62,9.519,10.361,10.214,10.41,9.908,9.956,10.328,9.876
9.786,10.26,9.976,9.552,10.12,9.418,9.709,10.297,9.889,10.153
9.937,10.78,9.7,10.006,9.67,10.347,9.581,9.889,10.139,9.795
9.975,10.324,9.67,10.117,10.061,10.152,10.571,10.093,9.983,9.8
9.746,10.014,9.619,10.027,10.167,10.563,10.527,10.284,9.872,9.953
9.75,10.554,9.652,10.381,9.87,9.958,9.925,9.646,9.698,10.198
9.679,10.12,9.728,9.588,9.965,9.797,10.331,10.112,10.225,10.157
9.624,10.688,10.296,9.548,10.299,9.648,10.181,10.027,10.316,9.91
9.779,10.116,9.751,10.22,10.123,9.695,9.452,9.666,9.961,10.225
9.604,10.03,9.549,10.464,9.51,10.5,10.538,10.036,10.098,10.033
9.557,10.616,9.533,9.608,10.203,10.219,9.576,10.335,10.007,9.775
9.768,10.713,9.643,9.68,10.2,10.276,10.535,9.962,9.842,10.202
9.841,10.007,9.703,9.845,10.154,9.8,9.865,9.692,9.648,10.016
9.802,10.08,10.445,10.049,9.631,9.903,10.537,9.953,9.779,10.253
9.813,9.507,9.968,10.203,9.594,9.419,9.523,10.292,10.315,10.052
9.928,10.324,9.51,10.359,10.03,9.975,9.992,9.72,9.777,10.074
9.832,10.734,9.633,10.247,10.46,10.509,10.504,10.013,9.648,10.136
9.713,10.713,10.242,10.27,9.944,9.693,10.453,10.206,10.1,10.278
9.966,10.544,9.742,9.552,9.557,10.484,9.428,10.281,10.248,10.233
9.679,10.039,9.906,9.68,9.515,9.467,10.041,10.132,9.733,9.841
9.891,10.603,9.729,9.568,10.131,10.312,10.153,9.671,9.686,9.8
9.994,10.25,9.769,10.043,10.492,9.969,10.58,9.961,9.66,9.865
9.631,10.476,9.503,10.152,10.195,9.723,10.306,9.899,9.971,10.115
9.734,10.621,9.97,9.765,10.245,9.569,10.508,10.002,9.85,10.131
10.168,10.211,9.863,10.202,10.078,10.187,9.434,10.183,10.01,9.96
9.692,10.867,9.707,10.276,9.892,10.581,9.569,9.675,9.794,10.155
9.827,9.103,9.781,9.869,10.151,10.306,10.51,10.181,9.915,9.948
9.768,10.948,9.532,9.854,10.445,9.626,9.462,10.306,10.241,9.936
9.918,10.561,9.55,9.712,10.036,9.422,10.09,10.28,9.888,10.093
9.786,10.847,9.663,10.466,10.086,10.391,9.671,10.063,9.732,10.089
9.793,10.42,9.816,10.417,10.28,10.434,9.53,9.927,10.008,9.785
9.529,10.597,9.712,10.046,10.484,10.116,9.655,10.291,10.277,9.785
9.637,10.886,9.74,10.148,10.338,10.43,10.094,10.279,9.905,9.966
9.513,10.154,9.665,10.491,9.973,10.471,9.455,10.076,9.856,9.725
9.833,10.811,9.953,9.587,10.325,10.071,10.063,9.71,10.166,9.715
9.591,10.544,10.224,10.076,10.291,9.969,9.813,10.306,9.799,9.721
9.761,10.802,9.628,10.238,10.271,10.061,10.329,10.271,10.276,9.902
9.687,10.884,9.846,9.872,10.184,10.26,10.018,9.743,10.242,9.93
9.577,10.879,9.588,10.413,10.191,9.706,9.433,10.307,10.045,10.02
9.828,10.075,9.892,10.468,9.867,9.721,9.665,9.751,10.053,9.77
9.664,10.552,9.532,9.554,9.506,10.228,10.233,10.019,9.655,9.89
9.795,10.711,9.993,9.942,9.747,9.566,9.886,9.828,9.913,10.117
9.769,9.251,9.764,10.071,10.069,10.339,10.425,9.745,9.647,10.29
9.829,10.451,9.779,9.833,10.372,9.994,9.614,9.795,10.32,9.856
9.738,10.006,9.569,10.007,9.907,10.178,10.386,9.758,9.688,9.752
9.924,10.084,10.118,10.107,10.349,9.785,10.361,9.735,9.709,10.061
9.563,10.337,9.964,10.084,10.25,10.19,9.455,10.033,9.858,10.109
9.904,10.712,9.87,10.055,9.98,10.146,9.786,10.315,10.077,10.031
9.524,10.384,9.608,10.004,10.429,9.594,10.521,10.196,10.043,10.061
9.892,10.907,9.744,10.058,10.311,10.176,9.461,9.915,9.887,9.937
9.927,10.703,9.89,9.736,10.107,10.549,9.415,10.039,10.248,9.997
9.908,10.038,9.694,9.74,10.325,9.708,9.885,9.659,10.25,10.282
9.877,10.021,9.863,9.736,10.49,10.018,10.085,9.856,9.648,9.722
9.761,10.882,9.803,10.18,10.427,9.937,10.32,10.275,9.929,9.811
9.678,9.926,9.996,10.27,10.264,9.409,10.204,9.822,10.132,10.172
9.684,10.553,10.087,9.626,10.192,9.89,9.717,9.716,9.753,10.113
9.605,10.809,9.871,10.159,10.07,9.762,9.419,9.854,10.071,9.752
9.572,10.309,9.851,10.066,10.285,9.481,10.13,10.089,10.206,10.053
9.666,10.938,9.541,9.678,10.393,9.555,9.685,10.197,9.837,10.171
9.977,10.235,9.773,10.056,10.414,10.121,9.57,9.978,10.123,9.745
9.644,10.98,9.823,10.037,9.786,10.348,9.907,9.844,10.263,10.071
9.648,10.959,9.889,10.286,10.203,10.035,9.433,9.972,9.763,10.002
9.956,10.098,9.74,10.187,10.431,9.504,9.943,9.867,10.204,9.891
9.691,10.422,9.738,9.897,10.331,9.422,9.591,9.957,10.206,10.075
9.607,10.598,10.46,10.432,10.059,10.158,9.674,9.965,9.864,10.026
9.532,10.901,9.806,10.168,10.235,10.299,10.18,9.707,9.959,9.925
9.843,10.574,9.52,10.5,10.331,10.374,9.955,9.852,10.185,10.039
9.721,9.444,9.985,10.12,10.133,9.86,9.533,9.901,9.854,10.288
9.5,10.58,9.998,10.446,10.495,10.273,9.433,9.843,9.681,10.093
9.918,10.637,9.575,9.989,10.413,10.345,10.288,10.145,10.219,9.775
9.828,9.646,9.841,9.563,10.262,10.453,10.132,9.694,9.755,10.084
9.566,10.157,9.585,10.371,9.504,10.226,9.599,10.086,9.697,9.889
9.659,10.524,9.695,9.859,10.242,9.829,9.537,9.99,10.234,9.821
9.59,10.492,9.869,10,10.483,9.791,10.084,9.705,9.796,10.039
9.713,10.175,9.544,10.005,9.777,10.104,10.192,9.863,10.357,10.202
9.739,10.08,9.914,9.654,10.192,10.227,10.541,10.05,9.726,10.175
9.552,9.325,9.65,10.497,10.099,10.529,10.274,9.653,9.729,10.122
9.554,10.928,9.745,9.531,10.362,10.236,10.257,9.858,10.101,9.724
9.735,10.808,10.218,10.428,10.152,9.422,9.816,9.991,10.102,10.204
9.903,10.409,9.701,10.101,9.748,9.748,9.789,9.7,9.888,10.033
9.75,10.479,9.52,9.758,10.276,10.571,10.205,10.336,9.668,9.777
9.888,10.932,9.567,10.447,9.871,10.319,9.904,9.958,10.267,9.862
9.568,10.216,9.708,10.008,10.27,9.954,10.39,9.792,9.867,9.822
9.868,10.948,9.742,10.151,9.553,9.491,10.163,9.94,10.186,9.7
9.853,10.973,10.293,10.478,10.198,10.378,9.964,9.812,10.093,9.849
9.688,10.36,9.904,9.901,10.084,9.567,10.02,10.113,10.061,10.217
9.656,10.795,9.508,9.817,10.494,9.795,10.147,10.147,9.75,9.931
9.953,10.389,9.688,10.454,10.248,10.577,10.02,9.879,10.235,9.892
9.964,10.775,9.832,10.096,10.496,10.042,10.428,10.101,10.279,9.928
9.653,10.898,9.935,9.824,10.052,10.321,10.581,10.246,10.306,10.19
9.584,10.398,9.943,10.065,10.155,10.203,10.543,10.017,10.099,9.894
9.955,10.544,9.69,9.538,9.777,9.561,10.58,9.914,10.205,9.887
9.864,10.022,9.762,10.374,10.329,10.549,10.273,9.78,9.874,9.856
9.985,10.519,9.587,10.023,10.16,9.96,9.804,9.673,9.72,9.964
9.795,10.258,9.674,9.558,10.014,10.046,10.561,10.117,9.759,10.133
9.8,10.597,9.589,10.009,10.456,10.597,10.467,9.729,10,10.179
9.677,10.858,9.703,10.328,10.102,10.487,9.638,10.112,9.906,9.823
9.588,10.294,9.727,9.919,10.296,9.496,9.588,9.842,10.12,9.863
9.527,10.211,9.672,9.587,9.863,9.576,9.57,10.228,9.949,9.721
9.628,10.439,10.32,10.342,9.565,9.897,9.61,9.861,10.047,10.257
9.852,10.776,9.502,10.318,9.707,10.333,10.106,10.275,10.322,9.938
9.992,10.179,9.955,10.032,10.212,9.894,10.519,9.839,9.704,9.94
9.921,10.444,9.621,9.994,10.086,9.409,9.89,9.765,9.917,10.159
9.938,10.578,9.506,9.74,10.191,9.89,10.16,9.818,9.856,9.95
9.609,10.736,9.769,10.373,9.719,9.692,9.84,10.096,10.001,10.144
9.778,10.639,9.817,10.022,10.257,10.512,9.634,9.869,10.345,10.249
9.723,10.347,9.981,9.542,9.842,10.113,10.169,10.18,9.814,9.782
9.993,10.21,9.89,10.133,10.324,10.287,9.542,9.772,9.694,9.947
9.604,10.441,9.713,10.189,9.881,10.575,9.735,10.335,10.121,9.923
9.678,10.179,9.676,10.417,10.459,9.988,10.367,10.262,9.768,10.217
9.802,10.396,9.771,10.216,10.131,9.695,10.371,9.869,10.321,9.776
9.961,10.76,9.985,10.301,9.507,10.077,10.433,10.311,10.205,9.721
9.936,10.108,9.713,9.665,9.539,10.431,9.477,9.856,10.215,10.297
9.656,10.813,9.596,9.788,10.374,9.705,9.606,10.085,9.782,9.78
9.634,10.192,9.823,10.334,10.121,10.417,10.2,9.808,9.939,9.921
9.872,10.465,9.707,9.885,10.416,9.532,10.59,10.077,9.798,10.187
9.721,10.556,9.589,10.194,10.379,10.211,10.464,10.28,10.06,10.002
9.843,10.022,9.685,9.656,10.11,10.118,10.462,9.997,10.175,9.958
9.992,10.128,9.829,10.066,10.4,9.446,9.597,10.06,10.194,10.261
9.727,10.891,9.844,10.412,10.084,9.487,9.516,10.131,10.084,10.242
9.656,10.801,9.984,10.454,10.298,9.95,9.985,10.031,10.056,9.897
9.616,9.041,9.884,9.968,10.245,10.13,10.444,9.894,9.99,9.91
9.877,10.369,10.284,9.662,10.433,9.493,10.226,10.226,9.742,10.201
9.952,10.194,9.922,10.233,10.101,9.485,9.479,10.084,10.236,9.783
9.742,9.611,9.683,10.489,10.284,10.089,9.923,9.772,10.269,9.915
9.782,10.611,9.841,10.255,10.25,9.875,9.803,9.741,10.118,9.854
9.943,10.596,9.617,9.686,9.56,9.793,9.819,10.316,9.842,9.724
9.857,10.9,9.624,10.169,10.38,9.566,9.865,9.772,9.992,9.775
9.884,9.976,9.777,9.815,10.438,10.043,10.359,10.198,9.708,9.974
9.773,10.167,9.965,10.13,10.205,10.472,9.995,9.828,9.722,10.01
9.778,10.051,9.697,10.495,10.244,9.931,9.545,10.319,9.876,9.927
9.733,10.852,9.915,10.191,9.665,9.57,9.746,9.816,9.779,10.189
9.677,10.037,9.564,10.316,10.421,10.388,10.278,10.238,9.939,10.269
9.613,10.292,9.765,10.068,10.428,9.806,9.598,10.12,9.777,10.157
9.604,10.417,9.569,9.83,10.278,10.532,10.356,9.881,10.321,9.896
10.223,10.73,9.886,10.481,9.533,10.238,9.822,9.842,10.144,9.898
9.803,10.392,9.958,9.972,10.068,9.849,9.656,10.314,9.792,10.223
9.995,9.224,9.89,10.392,9.959,9.874,9.407,10.104,9.715,9.762
9.755,10.539,9.878,9.594,10.488,9.942,9.991,10.167,9.767,10.168
9.815,9.405,10.415,10.192,10.196,9.923,9.543,10.083,9.825,10.05
9.585,10.012,10.301,10.331,9.982,9.402,9.769,10.328,9.943,10.015
9.612,10.167,9.93,9.577,10.415,9.944,9.829,10.144,10.089,10.267
9.883,10.432,9.686,10.274,10.468,10.576,9.542,9.68,9.853,9.956
9.507,10.35,9.743,9.605,10.218,10.192,10.135,9.725,10.112,10.209
9.939,9.482,9.796,9.894,10.385,10.16,9.883,10.079,9.783,9.84
9.723,10.284,9.766,9.615,10.202,10.121,9.72,9.909,9.701,9.712
9.666,10.648,9.595,10.462,9.865,10.001,10.276,9.985,10.232,9.967
9.557,10.859,9.505,10.159,9.811,10.391,9.987,9.992,10.256,10.255
9.686,10.317,10.029,9.952,10.497,9.591,10.534,10.272,9.974,9.937
9.675,10.85,9.823,10.294,9.64,10.351,10.199,9.895,10.041,9.99
9.633,10.39,9.989,9.921,10.403,10.371,9.827,10.017,10.154,9.884
9.628,10.318,9.755,9.911,10.101,9.852,9.608,9.813,10.184,10.254
9.631,10.725,10.206,9.515,10.473,9.615,9.421,9.838,10.231,10.115
9.788,10.841,9.936,10.206,10.181,10.339,10.004,9.829,9.731,9.722
9.525,9.719,9.62,9.552,10.262,10.231,9.794,10.203,10.207,10.196
9.777,10.285,9.885,10.334,9.619,10.129,10.05,9.756,10.321,10.014
9.994,10.996,10.098,10.036,10.19,10.43,9.602,10.196,9.96,9.725
9.977,10.954,9.636,10.325,10.263,9.493,9.823,10.044,10.049,10.03
9.839,10.664,9.557,10.473,9.698,10.408,10.191,10.184,9.844,9.873
9.972,9.907,9.722,10.461,9.617,9.98,9.599,9.893,10.059,10.176
9.783,10.953,9.713,10.285,10.4,9.734,9.881,9.875,9.919,10.137
9.963,10.401,9.81,9.713,9.699,10.132,10.104,10.123,10.357,10.184
9.748,10.779,9.898,10.264,9.928,10.132,10.333,10.306,9.971,10.127
9.901,10.751,9.87,9.902,10.497,10.138,10.501,10.328,9.726,9.888
9.575,10.869,9.794,10.24,10.08,9.912,9.458,10.304,9.836,10.157
9.847,10.88,9.739,10.072,10.06,10.361,9.465,9.715,9.955,9.859
9.799,10.785,9.962,10.407,9.721,10.407,10.025,9.936,10.173,9.931
10.028,10.82,9.685,9.587,9.689,10.404,10.421,9.791,9.799,10.201
9.607,9.258,9.638,10.118,10.415,9.545,10.12,9.846,10.321,10.184
9.956,10.165,9.955,9.643,10.247,10.396,9.995,10.148,10.277,9.911
9.712,10.139,9.512,10.497,10.321,10.29,9.537,10.123,9.853,10.039
9.99,10.871,10.345,9.945,10.068,9.561,9.951,10.132,9.816,9.765
9.665,9.255,9.646,9.881,10.082,9.476,10.128,9.693,10.016,10.03
9.688,10.169,9.745,9.631,10.456,9.745,10.37,10.222,10.015,10.204
9.791,10.063,9.857,10.236,10.25,10.08,9.717,9.94,9.718,9.716
9.8,10.069,9.525,10.247,10.336,10.556,9.991,10.072,10.046,9.909
9.993,10.734,9.831,9.74,10.226,10.566,9.851,9.694,10.052,10.101
9.951,10.889,9.743,10.428,10.017,9.707,10.508,9.775,9.806,10.053
9.78,10.79,9.994,9.994,9.976,10.177,10.433,10.085,10.066,10.278
9.956,10.797,9.959,10.42,10.088,10.597,9.948,10.206,10.287,9.912
10.003,10.622,9.693,10.406,10.026,10.361,9.606,9.824,10.278,10.148
9.529,10.458,9.609,10.46,9.656,10.425,10.092,10.211,9.937,9.954
9.949,10.648,10.221,10.38,10.283,10.389,10.077,10.205,10.351,10.296
9.62,10.606,9.788,9.629,10.172,10.453,9.743,10.028,9.806,10.164
9.871,10.023,9.859,10.11,10.407,9.552,10.428,10.267,9.8,10.078
9.705,10.334,9.92,10.253,10.48,10.553,9.662,9.768,10.256,9.832
9.784,10.256,9.821,9.78,10.326,9.928,10.3,9.656,9.645,10.073
9.769,9.8,9.805,9.765,10.15,9.668,9.461,10.352,9.938,9.917
9.968,10.347,9.925,10.369,9.626,9.643,9.462,10.131,10.097,9.878
9.667,10.595,9.924,10.03,10.305,9.64,9.949,9.72,9.77,10.109
9.857,10.31,9.554,10.237,10.374,10.549,10.023,9.657,9.899,9.854
9.829,10.386,10.125,9.612,10.072,9.655,9.479,10.123,10.332,9.857
9.69,10.397,10.372,9.778,10.391,9.902,10.507,9.915,10.181,9.761
9.81,10.87,9.667,10.332,10.147,10.375,9.584,9.968,10.11,10.202
9.671,10.222,9.591,10.314,9.513,9.922,9.863,9.753,10.22,9.77
9.83,10.92,9.904,10.462,10.07,9.774,10.475,9.984,10.322,9.941
9.743,10.05,9.767,10.045,9.594,9.454,9.941,9.64,9.88,9.775
9.619,10.858,10.109,10.3,10.055,9.483,10.05,9.782,10.265,10.163
9.543,9.634,9.658,9.582,10.203,9.634,10.142,10.2,9.795,9.854
9.871,9.775,9.558,10.141,10.105,9.717,10.198,10.056,10.123,10.001
9.709,10.659,9.924,10.108,10.114,9.986,9.481,10.114,9.945,10.029
9.841,10.738,9.947,10.255,9.595,10.571,10.422,10.1,10.312,10.222
9.507,9.346,9.954,10.417,9.869,9.724,9.535,10.256,10.132,10.257
9.998,10.77,9.669,9.624,10.295,10.359,9.523,10.245,10.25,9.939
9.754,10.613,9.756,9.513,9.851,9.881,10.156,10.33,9.704,10.184
9.571,10.385,9.911,9.739,10.026,9.568,10.138,10.072,10.012,10.168
9.762,10.756,9.853,10.184,10.096,9.585,10.36,10.291,10.329,10.229
9.756,10.421,9.573,9.932,10.182,9.612,9.595,9.779,9.665,10.025
9.624,10.662,10.398,10.339,9.971,9.751,10.23,9.937,10.14,9.885
9.858,10.868,9.861,9.784,10.347,10.264,10.058,10.066,10.039,10.241
9.979,9.041,9.926,10.395,9.585,9.737,10.229,10.099,9.703,10.167
9.663,9.596,9.704,9.549,10.334,10.175,9.741,9.967,9.941,10.108
9.644,10.747,9.79,9.522,10.346,9.467,9.962,9.685,10.338,10.151
9.907,10.601,9.732,10.273,10.356,10.175,10.552,10.05,10.326,10.156
9.593,10.327,10.226,10.286,9.771,10.437,10.395,9.85,9.742,9.805
9.526,10.741,9.831,10.438,10.356,9.993,10.299,9.884,9.927,9.879
9.537,10.396,9.769,10.293,10.277,10.197,9.697,10.189,9.754,10.056
10.352,10.488,10.292,10.482,10.063,10.086,9.499,10.168,9.778,9.89
9.807,10.376,9.866,10.112,9.535,9.572,9.597,9.988,10.26,9.986
9.66,10.992,9.964,10.041,9.523,10.009,9.527,10.062,9.943,10.28
9.675,10.343,9.805,10.38,10.347,9.626,10.411,9.9,10.056,10.045
9.507,10.435,9.508,10.195,10.374,9.978,9.86,9.823,9.832,10.014
9.561,10.357,9.979,9.58,10.176,10.307,9.742,9.835,9.68,10.204
9.958,10.134,9.61,10.464,10.347,10.402,10.209,10.265,9.821,9.988
9.903,10.427,9.799,10.373,10.056,9.648,10.414,10.331,9.831,9.876
9.521,10.583,9.721,9.583,10.24,10.49,10.097,9.952,10.22,10.01
9.741,9.253,9.542,10.433,10.044,9.865,10.01,10.22,9.736,10.077
9.973,10.34,9.957,10.304,9.573,10.247,9.968,9.816,9.959,9.843
9.634,10.958,10.007,10.058,10.435,10.154,10.026,10.129,9.99,10.149
9.848,10.631,9.519,10.412,10.26,9.706,9.81,10.353,10.037,10.147
9.728,10.412,9.965,10.263,10.189,9.544,9.512,9.777,9.673,9.853
9.836,10.587,9.729,10.204,10.019,10.415,9.91,9.641,10.225,9.704
9.885,9.835,9.731,10.396,9.884,9.602,9.637,10.357,10.246,9.882
9.52,10.957,9.685,10.003,10.052,9.532,10.038,10.224,9.729,10.268
9.833,10.215,9.785,10.316,10.413,10.478,10.204,9.865,9.652,9.801
9.949,10.03,9.642,9.564,10.303,9.716,9.467,10.172,9.85,9.712
9.535,10.055,9.718,9.63,10.007,10.098,9.971,9.98,9.969,10.02
9.832,10.95,9.918,9.518,10.368,9.955,9.6,9.917,9.651,9.78
9.516,10.915,9.666,10.399,10.332,10.447,10.571,10.06,9.976,10.136
9.969,10.163,9.561,10.209,10.015,10.464,10.41,10.303,9.874,10.225
9.835,10.849,9.765,9.667,10.32,9.445,9.73,10.279,9.909,10.221
9.759,10.47,9.654,9.57,10.061,9.557,9.909,9.872,9.767,9.75
9.751,10.787,10.335,10.393,9.819,10.177,9.799,9.872,9.858,10.255
9.941,10.455,9.81,10.022,10.356,10.11,9.981,9.944,9.846,9.993
9.752,10.184,9.637,9.77,9.713,9.464,9.843,9.901,9.961,10.136
9.903,10.586,9.932,10.096,10.257,9.875,10.445,9.787,10.358,9.938
9.539,10.532,9.697,9.676,9.874,9.688,9.709,10.316,9.773,10.166
9.971,10.321,9.684,9.519,10.432,9.542,10.58,10.262,10.17,9.926
9.811,10.023,9.795,9.791,9.831,10.118,9.665,9.928,10.009,10.043
9.801,10.824,9.553,10.431,10.143,10.316,10.415,10.237,10.121,9.949
9.929,10.568,9.996,9.983,9.56,10.512,10.246,9.898,9.945,10.215
9.927,10.199,9.711,9.869,10.332,10,9.724,9.654,10.111,10.118
9.643,10.643,9.633,10.306,10.099,9.694,10.559,9.796,10.283,10.221
9.644,10.26,9.634,10.434,9.632,9.593,9.874,9.687,10.217,10.157
9.778,10.472,9.942,10.172,10.492,9.471,9.739,10.134,10.12,10.044
9.57,10.554,9.995,9.682,10.195,10.433,9.424,10.246,10.266,10.261
9.963,10.108,9.915,10.252,10.201,9.752,9.919,10.115,10.272,10.069
9.554,10.139,9.76,10.264,10.253,10.192,9.914,9.664,10.166,10.139
9.961,10.977,10.279,10.465,9.894,9.853,10.34,10.103,9.948,9.821
9.792,9.429,9.928,10.163,10.397,10.434,10.133,10.335,9.862,9.759
9.604,10.143,9.636,10.282,10.372,10.55,10.263,10.357,9.708,9.871
9.634,10.377,9.877,10.4,10.071,9.562,9.516,9.922,10.22,9.997
9.813,10.092,10.405,9.663,10.203,9.923,10.437,10.355,10.092,10.174
9.679,10.971,9.549,9.739,9.843,9.83,9.916,9.669,9.99,10.159
9.696,10.402,9.513,9.81,10.49,10.318,10.186,10.098,9.774,9.764
9.963,10.166,10.29,9.859,10.167,9.735,10.155,9.777,10.018,10.189
9.823,10.708,9.87,10.451,10.295,10.144,10.502,9.684,9.662,9.779
9.847,10.013,9.982,10.075,9.506,10.179,10.17,9.847,9.717,10.056
9.949,10.541,9.685,10.401,9.759,10.539,9.438,10.301,10.241,9.943
9.55,10.055,9.82,9.999,10.266,9.488,9.9,9.74,9.762,10.181
9.88,10.183,10.036,9.517,9.592,10.206,9.457,10.07,10.32,9.938
9.564,10.015,9.552,10.302,10.15,9.461,10.142,9.784,9.843,9.894
9.657,10.236,9.638,9.639,9.873,10.379,9.593,9.655,9.803,9.955
9.929,10.824,9.924,10.495,9.697,10.449,10.316,10.232,10.292,10.132
9.743,9.177,9.938,10.466,10.136,10.514,9.423,9.893,10.333,10.081
9.555,10.017,9.827,9.817,9.682,10.074,10.111,10.22,9.793,10.005
9.501,10.524,9.927,10.297,10.41,10.192,9.908,9.938,10.342,9.993
9.767,10.354,10.207,10.327,10.27,10.391,9.998,9.659,9.989,9.934
9.617,10.022,10.085,9.643,10.445,10.42,9.902,9.868,10.21,10.277
9.993,10.238,9.818,9.626,9.939,9.526,9.575,9.987,10.098,10.284
9.923,10.658,9.863,9.738,10.082,9.402,10.52,9.966,10.016,9.781
9.592,10.025,9.763,10.068,9.787,9.462,10.571,9.921,10.256,9.723
9.504,9.757,9.962,10.17,10.044,10.282,10.58,9.807,10.056,9.934
9.727,10.548,9.597,10.203,9.819,10.415,9.806,10.17,9.976,10.245
9.801,9.447,9.606,9.587,10.304,9.734,10.092,10.182,10.057,10.271
9.609,10.258,9.712,10.325,10.208,10.152,10.331,10.105,9.905,9.97
9.678,10.708,10.419,10.274,10.277,10.438,10.439,10.231,10.237,10.028
9.646,10.134,10.469,10.14,10.486,10.281,10.366,9.756,10.104,9.709
9.678,10.32,9.596,10.317,10.176,9.465,9.934,9.979,9.661,10.243
9.952,10.924,9.817,9.824,10.026,9.556,9.522,10.032,9.87,9.725
9.686,10.214,9.743,9.967,10.491,9.802,9.67,10.331,10.189,9.966
9.818,10.229,9.884,10.135,10.041,9.481,9.586,9.758,9.989,9.918
9.724,9.954,9.535,10.317,9.95,9.91,9.579,10.305,10.346,9.755
9.883,10.612,9.766,9.595,10.274,10.186,9.419,9.686,9.732,9.845
9.501,10.69,9.642,10.371,10.406,9.751,10.346,10.289,9.819,9.871
9.86,10.481,10.328,10.343,9.664,9.446,10.047,9.951,10.1,9.972
9.945,10.739,9.776,10.362,10.008,9.872,10.373,10.103,10.358,9.947
9.907,10.636,9.503,10.342,9.916,10.477,10.406,10.281,10.317,9.815
9.531,10.895,9.643,9.696,10.048,9.818,10.537,10.352,9.669,10.087
9.686,10.513,9.668,10.262,10.207,10.024,10.244,10.266,9.676,10.186
9.966,10.375,9.862,10.311,9.506,10.54,9.647,9.699,10.247,10.287
9.629,10.669,9.888,10.238,10.344,9.961,10.22,9.94,10.354,9.964
9.594,10.449,9.909,10.406,10.165,10.255,10.422,10.106,10.107,10.243
9.822,9.151,9.642,9.995,10.183,10.369,9.855,10.068,9.686,9.702
9.699,10.005,10.121,10.31,10.068,9.537,10.003,10.153,10.12,9.986
9.618,10.261,9.841,10.085,9.753,10.457,10.059,9.982,9.805,9.742
9.675,10.264,9.825,9.645,9.847,9.724,9.691,10.036,9.792,10.231
9.543,9.854,9.607,10.378,10.26,10.394,10,9.907,9.913,10.182
9.535,10.271,9.552,9.752,10.457,10.548,9.401,10.263,10.001,9.767
9.806,10.195,9.737,10.416,9.607,10.457,9.81,9.918,9.889,10.225
9.695,10.404,9.715,9.57,10.12,9.532,9.659,9.669,9.777,10.3
9.61,10.295,10.293,10.305,9.584,10.498,10.189,9.714,9.771,9.761
9.848,10.109,9.949,10.394,10.485,9.632,9.582,9.962,10.182,9.849
9.767,10.633,9.606,10.354,9.996,9.505,10.143,9.92,10.068,10.268
9.555,9.983,9.834,9.939,10.352,10.289,9.733,9.718,10.131,10.259
9.852,10.283,9.643,10.037,9.794,10.521,10.129,9.769,10.073,10.209
9.777,10.929,9.599,10.32,10.178,9.551,9.751,9.96,9.666,9.859
9.553,10.057,9.788,9.667,10.414,9.427,10.587,9.849,9.762,10.259
9.614,10.625,9.64,10.3,10.024,9.868,9.74,10.203,10.282,9.978
9.907,10.359,9.954,10.43,10.329,9.661,9.767,9.981,9.756,10.093
9.885,10.579,9.623,9.786,9.724,9.513,10.316,10.102,9.841,10.261
9.871,10.154,9.683,10.064,10.236,10.378,9.589,9.97,9.909,9.821
9.523,10.662,9.584,10.361,10.403,9.575,10.444,10.177,9.797,9.727
9.849,10.297,9.827,10.381,10.494,9.682,10.018,9.911,9.929,10.268
9.972,10.273,9.768,10.066,10.101,10.359,9.746,10.117,9.765,9.877
9.644,10.239,9.789,9.568,10.326,9.897,10.582,9.709,10.039,10.238
9.702,10.19,9.657,10.415,9.586,10.12,10.554,10.219,9.996,10.002
9.953,10.098,9.862,10.435,9.501,10.12,9.515,10.114,9.968,10.05
9.834,10.848,10.477,9.591,9.722,10.405,9.996,9.69,9.938,10.212
9.785,10.988,10.222,10.386,9.797,10.072,10.128,9.821,10.209,9.878
9.733,10.147,9.605,10.096,9.903,9.734,10.523,9.908,9.662,9.993
9.746,9.739,9.82,10.362,10.228,10.578,10.477,9.652,9.83,9.742
9.805,10.722,9.728,10.405,10.153,9.754,9.421,9.841,9.935,10.111
9.801,10.766,9.821,9.626,10.441,10.008,10.313,9.899,10.024,9.84
9.76,10.075,9.783,9.535,10.213,9.593,10.528,10.315,10.353,9.849
9.535,10.993,9.829,9.596,10.347,9.744,9.462,9.837,10.103,9.959
9.618,10.394,9.531,10.127,10.196,10.41,10.528,9.95,9.974,10.063
9.78,10.528,9.552,9.973,10.481,9.649,9.688,9.916,10.326,9.767
9.65,10.524,9.8,9.681,10.01,9.616,9.657,10.15,10.296,10.253
9.638,10.366,9.645,9.967,9.825,9.825,9.687,9.918,10.146,10.094
9.853,10.079,9.596,9.729,10.143,9.415,9.514,9.669,9.888,9.744
9.93,10.134,9.83,9.805,9.621,9.878,9.947,10.058,10.001,10.022
9.815,10.943,9.566,9.771,10.428,10.078,9.602,10.048,10.126,9.927
9.623,10.752,9.648,9.757,10.239,9.912,9.713,9.806,10.275,9.873
9.786,10.326,9.602,10.028,10.183,9.798,10.566,10.34,10.24,9.766
9.687,10.708,9.702,10.095,10.076,10.22,10.58,9.695,10.247,9.89
9.542,10.051,9.952,10.312,10.092,9.502,10.594,10.257,9.761,9.977
9.958,9.057,9.849,10.44,10.374,10.002,10.135,9.717,9.654,10.068
9.712,10.562,9.813,10.195,9.598,10.049,10.503,9.946,10.35,10.06
9.593,10.391,9.517,9.992,9.668,10.325,10.271,9.805,10.021,10.089
9.601,9.695,9.952,10.168,9.814,10.175,10.035,9.687,10.358,10.004
9.733,10.265,9.983,10.419,10.175,9.704,10.45,9.823,9.981,9.701
9.578,10.349,9.667,10.209,9.61,10.106,9.919,9.701,9.958,9.797
9.891,10.003,9.761,10.14,9.541,10.025,10.288,10.285,10.331,10.143
9.998,9.15,9.65,9.674,10.29,9.949,9.499,10.337,10.149,10.054
9.53,10.468,9.689,9.83,10.459,9.956,10.491,9.802,9.905,10.055
9.936,10.285,9.69,10.052,10.074,10.364,9.798,10.014,9.808,10.014
9.615,10.222,9.54,10.284,9.749,9.725,9.631,10.134,9.878,9.921
9.627,10.178,9.929,10.319,10.146,10.072,10.426,9.995,10.188,9.955
9.939,10.785,9.595,10.336,10.283,9.809,9.65,9.692,9.806,10.274
9.584,9.303,10.494,10.038,10.368,9.567,9.668,10.229,9.77,9.741
9.713,10.573,9.51,10.467,10.181,10.578,10.115,9.731,9.703,9.702
9.548,9.333,9.513,10.444,10.492,10.097,10.343,9.79,9.941,10.177
9.731,10.376,9.625,10.141,10.431,10.461,9.711,10.101,10.341,10.095
9.886,10.453,9.945,10.07,10.476,10.378,9.42,10.143,10.015,9.949
9.892,10.712,9.821,10.452,9.729,9.835,10.237,10.29,9.985,9.744
9.736,10.617,9.654,9.98,10.48,10.239,9.654,10.134,9.978,10.187
9.537,10.245,9.52,10.004,10.183,10.257,9.523,9.852,9.716,10.09
9.834,10.389,9.66,10.041,9.792,10.348,9.818,10.347,9.892,10.222
9.974,10.641,10.131,10.431,10.09,10.047,10.168,9.915,10.012,10.116
9.57,10.454,9.54,9.905,10.434,9.783,10.454,9.813,10.074,10.197
9.662,10.872,9.702,10.004,10.491,10.468,9.529,9.801,9.757,10.182
9.729,10.667,9.94,10.315,9.823,10.32,9.686,9.849,9.84,10.053
9.9,10.325,9.992,9.805,10.145,10.113,10.505,10.216,9.701,9.758
9.566,10.95,9.684,10.14,9.535,9.686,10.221,10.126,9.778,9.993
9.573,10.385,9.7,9.869,9.807,10.219,10.037,10.341,10.016,10.295
9.957,10.986,9.966,10.454,9.544,10.401,10.239,9.759,9.936,10.094
9.693,10.892,9.665,10.019,10.269,10.548,9.686,9.725,9.779,10.043
9.891,10.97,9.547,10.252,10.058,9.638,9.76,9.867,9.893,10.206
9.507,10.791,9.932,10.194,10.041,9.774,10.154,10.025,9.935,9.997
9.709,10.316,9.793,10.101,10.417,10.199,9.417,10.101,10.329,9.951
9.591,10.965,9.629,10.114,10.212,9.795,9.873,9.984,9.644,10.076
9.826,10.257,9.792,10.132,10.354,9.961,10.39,9.883,9.668,10.097
9.803,10.63,9.562,10.279,9.889,9.405,9.663,10.161,9.895,9.935
9.685,10.123,9.695,10.08,10.225,10.352,9.888,9.97,9.88,9.927
9.848,10.384,9.766,10.29,10.367,9.853,9.81,10.343,9.997,10.175
9.675,10.249,9.599,10.264,9.632,9.619,10.45,9.656,10.151,9.719
9.582,10.189,9.678,10.32,9.627,9.67,9.738,10.206,10.014,10.209
9.931,10.226,9.652,10.228,10.394,10.497,10.27,10.206,9.689,9.891
9.925,10.602,9.626,9.824,10.457,9.753,10.046,9.834,10.127,10.227
9.612,10.218,9.998,10.064,10.191,9.467,10.054,9.928,9.929,10.084
9.509,10.041,10.41,10.335,9.535,9.554,10.008,9.761,10.3,10.19
9.866,10.214,10.051,9.548,10.056,9.766,10.385,9.937,9.731,10.244
9.951,10.085,9.785,10.455,10.027,9.922,10.343,9.705,9.759,9.873
9.621,10.556,10.406,9.888,10.107,10.277,9.401,9.711,10.161,10.124
9.768,10.46,9.901,9.709,9.694,9.97,10.522,9.691,10.109,9.997
9.866,10.399,9.554,10.48,10.285,10.585,9.893,9.739,10.155,9.793
9.769,10.299,9.746,10.108,10.396,9.905,9.931,9.871,9.645,9.72
9.894,10.467,9.631,10.448,9.957,10.071,10.424,9.958,9.651,9.73
9.967,10.736,9.853,10.349,10.42,10.415,10.416,10.315,10.296,9.803
9.808,10.474,9.767,10.401,10.16,9.503,9.844,9.721,10.04,10.045
9.964,10.33,9.987,10.024,10.458,9.836,9.588,9.849,10.357,10.283
9.524,10.87,9.538,10.243,10.207,9.642,10.003,10.005,9.939,9.852
9.674,10.309,9.786,9.982,10.341,10.058,9.648,9.671,10.339,9.817
9.759,10.613,9.927,9.958,10.496,10.207,10.295,9.802,9.76,9.918
9.809,10.646,9.587,9.527,9.938,9.824,9.76,9.995,9.896,10.189
9.618,10.951,9.548,10.445,10.077,9.954,10.317,10.289,10.148,9.939
9.631,9.053,9.793,10.259,9.837,9.615,10.28,9.657,10.282,10.241
9.653,10.8,9.925,10.236,9.554,9.86,9.945,9.825,10.231,10.248
9.738,10.854,9.587,10.151,9.869,9.869,10.332,10.156,9.824,10.201
9.901,9.265,9.931,10.264,10.452,9.493,9.47,10.022,9.947,10.041
9.641,10.115,9.711,9.612,10.346,10.558,10.294,10.297,9.724,10.02
9.989,10.411,9.904,10.448,10.16,10.493,10.201,9.955,10.326,9.821
9.949,10.361,9.763,9.873,9.917,9.628,9.585,10.278,10.243,10.181
9.696,10.888,9.64,10.49,10.424,10.357,10.353,9.757,10.255,10.135
9.563,10.399,9.837,10.042,10.162,10.012,9.757,9.732,10.335,9.827
9.85,10.353,9.761,10.199,10.46,9.756,10.263,9.849,10.182,9.902
9.614,10.25,9.571,9.731,10.185,9.721,9.987,9.912,10.133,9.889
9.726,10.241,9.872,9.894,9.799,9.465,9.687,10.296,10.247,10.044
9.594,10.611,9.626,10.25,10.127,10.1,9.477,9.967,9.889,10.084
9.747,10.118,10.034,10.27,10.039,10.012,9.47,10.258,9.879,10.039
9.611,10.329,9.572,10.256,10.426,9.753,10.115,10.086,9.943,9.74
9.587,10.307,9.697,10.073,9.661,10.263,10.409,10.17,9.985,9.823
9.679,10.005,10.069,10.031,10.441,9.408,9.939,9.817,10.196,10.11
9.851,10.511,9.87,10.424,9.637,10.085,9.835,9.867,9.659,9.953
9.686,10.849,9.597,10.029,10.389,10.503,9.849,9.667,10.324,9.864
9.892,10.047,9.749,9.516,10.467,10.547,10.45,10.017,10.286,9.88
9.577,10.175,9.558,10.347,10.19,9.788,10.446,9.734,9.72,9.89
9.854,10.798,9.739,10.342,10.359,9.823,10.297,10.046,10.26,9.883
9.914,10.171,9.659,9.651,9.705,9.843,9.715,10.26,10.29,10.265
9.887,10.024,10.045,10.247,10.251,10.31,9.604,10.08,10.257,9.853
9.6,9.14,9.549,10.089,10.405,10.009,10.15,9.944,10.063,10.292
9.752,10.63,9.919,10.426,9.88,9.503,9.618,9.944,9.793,10.198
9.501,10.397,9.853,10.387,9.785,10.001,9.887,10.157,9.98,10.173
9.939,10.216,9.97,10.468,10.204,10.334,9.552,10.234,10.004,10.103
9.541,10.454,10.362,9.805,10.064,10.094,10.382,9.759,10.332,10.086
9.736,10.857,9.954,10.165,10.483,9.992,10.524,10.308,10.048,10.243
9.656,10.833,9.559,10.458,10.319,9.66,9.659,9.729,10.101,10.263
9.547,10.161,9.889,10.254,10.31,9.482,9.927,10.228,10.317,9.814
9.961,10.992,9.797,10.333,9.794,9.681,10.101,10.077,9.771,9.778
9.758,10.735,9.717,10.25,9.707,9.637,9.625,9.8,10.046,9.828
9.596,10.667,9.551,9.691,10.28,9.847,10.36,10.058,9.815,9.939
9.863,9.942,9.519,10.067,10.321,10.008,9.638,9.891,10.173,9.802
9.964,10.427,9.653,9.975,9.896,10.447,9.52,10.245,10.055,9.94
9.792,10.207,10.293,9.818,10.062,10.509,10.352,10.14,10.319,10.128
9.518,10.365,9.701,9.795,10.323,9.539,10.153,10.061,9.758,9.784
9.886,10.05,9.766,10.133,10.292,9.799,10.386,10.156,9.939,10.127
9.508,10.33,9.594,9.904,10.064,10.206,10.06,10.156,10.032,9.843
9.722,10.891,9.914,10.101,10.347,9.917,10.406,10.338,9.97,9.752
9.655,10.166,9.816,10.301,9.54,10.049,10.201,9.654,9.857,9.711
9.619,10.956,10.435,10.143,9.694,10.382,10.103,9.745,10.103,9.885
9.663,10.633,9.953,10.044,9.567,10.501,10.482,10.163,9.889,10.25
9.887,10.767,9.869,10.24,10.026,9.72,10.065,9.642,10.016,10.223
9.659,10.437,9.73,10.339,10.142,10.58,10.563,10.14,9.815,10.258
9.725,10.749,9.672,9.922,9.953,10.563,9.818,10.005,9.951,10.115
9.784,10.204,10.13,10.186,10.196,10.325,10.212,10.352,9.785,9.84
9.793,10.209,9.545,9.94,10.373,10.482,10.18,9.868,9.797,10.104
9.983,9.107,9.702,10.444,10.319,10.298,9.441,10.061,9.8,10.096
9.877,10.982,9.682,10.446,9.525,9.72,9.689,10.06,10.304,10.065
9.601,10.787,9.842,10.005,10.322,9.908,9.946,10.003,10.007,9.728
9.947,10.969,9.563,10.02,10.418,9.961,10.032,9.815,9.816,10.06
9.557,10.971,9.638,9.921,10.468,9.559,10.123,9.859,9.875,10.1
9.51,10.863,9.547,9.657,10.168,10.416,10.056,9.928,9.644,10.14
9.529,10.372,9.919,10.12,10.358,9.89,9.578,10.118,9.791,10.003
9.838,10.03,9.557,10.01,10.31,10.436,10.162,10.19,9.973,10.105
9.916,10.493,9.532,10.389,9.768,9.953,10.15,9.812,9.927,9.943
9.615,10.461,9.637,10.079,10.062,10.06,10.201,9.718,10.33,9.764
9.967,10.636,10.499,10.035,10.474,9.496,10.074,9.969,9.761,9.899
9.956,10.497,9.657,10.096,10.3,10.03,9.632,9.964,10.202,9.84
9.946,9.172,9.806,9.863,9.815,10.543,10.053,9.828,10.214,10.166
9.531,10.52,9.569,9.669,10.343,9.579,9.713,10.067,10.143,9.803
9.731,10.581,9.833,10.112,10.003,10.483,9.921,10.116,10.251,10.195
9.746,10.786,9.711,10.018,10.355,9.463,10.599,10.052,9.67,10.274
9.939,10.826,9.934,10.135,10.372,9.893,10.398,10.15,9.957,9.908
9.913,10.099,9.891,10.181,9.677,9.997,9.639,10.337,10.263,9.734
9.684,10.071,9.69,9.544,10.234,9.563,9.539,9.757,9.871,10.16
9.826,10.651,10.328,10.151,9.821,10.482,10.338,10.244,9.704,9.843
9.505,10.732,9.759,10.092,10.224,10.498,10.598,9.801,10.312,9.979
9.788,10.834,9.594,10.25,10.049,10.536,9.482,10.295,9.984,9.927
9.99,10.461,9.553,10.342,10.205,9.708,9.48,9.789,9.748,10.074
9.52,10.969,9.522,9.665,10.477,10.384,9.41,10.25,10.248,10.165
9.797,10.662,10.335,10.066,10.346,9.534,10.591,9.838,10.301,10.214
9.688,10.635,9.564,10.233,10.175,10.279,10.009,10.311,9.817,10.16
9.979,10.204,9.784,9.678,9.535,10.036,9.487,9.702,9.868,10.271
9.796,10.413,10.304,9.98,10.476,9.922,9.757,9.729,10.359,9.701
9.703,10.946,9.645,10.1,10.154,10.339,10.491,9.821,9.789,9.879
9.612,10.516,9.565,9.839,10.02,9.755,10.174,10.27,9.944,10.282
9.824,10.962,9.748,9.923,10.112,10.186,9.899,10.125,9.926,10.133
9.502,10.934,9.562,10.481,10.489,9.438,9.512,9.747,9.873,9.885
9.758,10.777,9.518,9.753,9.916,9.974,9.525,9.988,9.752,9.769
9.527,9.991,9.798,10.382,10.229,10.169,9.682,9.643,10.019,9.749
9.982,10.06,9.76,10.16,10.38,9.995,9.954,10.019,10.097,9.835
9.738,10.666,9.661,10.039,10.382,10.443,10.581,10.121,9.885,10.285
9.606,10.486,9.561,10.427,10.358,9.96,10.397,9.867,10.14,10.082
9.837,10.388,9.655,10.25,10.201,10.495,10.373,10.206,10.191,10.245
9.554,10.658,9.97,10.352,9.942,9.729,10.2,9.967,9.934,10.293
9.867,10.304,9.861,9.753,10.215,9.428,9.835,9.879,10.272,10.098
9.835,10.168,10.13,10.375,9.98,10.023,9.427,10.151,9.646,9.934
9.993,10.479,9.885,10.351,10.226,9.988,10.166,9.928,10.178,10.027
9.82,9.635,9.791,10.45,10.141,10.522,10.462,9.903,9.963,10.189
9.913,10.191,9.652,10.452,9.586,9.559,10.239,9.709,10.294,9.817
9.979,10.064,9.598,10.364,10.231,10.083,10.088,9.658,10.351,9.967
9.73,10.666,9.575,10.394,9.775,10.342,9.724,9.916,9.847,10.263
9.908,10.46,9.589,10.271,10.095,10.319,10.148,10.174,10.196,9.909
9.837,10.957,9.78,9.868,9.509,10.054,10.5,10.276,10.169,9.877
9.739,10.879,9.696,10.466,10.178,10.207,9.496,10.335,9.963,10.26
9.595,10.35,9.657,10.16,10.45,10.511,9.44,10.102,9.854,9.935
9.66,9.622,9.654,9.629,9.74,10.42,10.344,10.145,9.98,9.894
9.925,10.505,9.558,10.336,10.455,9.821,9.574,9.657,9.767,10.014
9.619,10.584,9.965,10.203,10.351,10,10.252,10.321,9.934,9.972
9.771,10.526,9.797,10.36,9.605,10.294,9.662,10.274,10.015,9.754
9.763,10.773,10.241,10.086,10.315,9.54,9.999,9.928,9.699,10.009
9.663,10.958,9.717,10.262,10.405,10.401,9.599,9.772,10.318,9.863
9.551,10.925,9.575,10.024,9.514,9.655,10.144,10.121,10.353,9.728
9.557,10.774,10.204,10.158,10.396,10.126,10.276,10.153,9.925,9.879
9.505,10.824,9.748,9.718,9.653,9.954,10.454,10.335,10.169,10.219
9.983,10.912,9.841,10.05,10.267,10.529,9.464,10.205,9.887,9.96
9.92,10.682,9.706,9.88,10.04,10.462,9.777,10.322,10.064,10.158
9.783,9.874,9.865,9.89,10.008,10.584,10.399,9.998,9.779,10.082
9.981,10.127,9.531,10.468,9.981,10.033,9.949,10.151,9.837,9.7
9.62,10.248,9.505,10.478,10.106,9.747,10.042,9.992,10.133,10.199
9.983,10.408,9.8,10.265,10.351,10.38,10.548,9.864,10.225,9.947
9.805,10.658,9.714,10.289,10.297,10.459,10.496,10.064,9.912,9.965
9.608,10.312,10.293,10.37,10.365,10.28,10.126,10.083,10.067,9.962
9.592,10.568,10.107,10.125,9.622,9.844,10.535,9.939,10.094,10.028
9.746,10.987,10.474,9.964,10.381,10.313,10.572,10.238,9.643,9.928
9.64,10.69,9.868,10.355,10.029,10.045,9.652,10.047,10.207,9.85
9.638,10.747,9.969,9.587,10.459,9.438,9.883,9.803,10.227,9.746
9.652,10.967,9.795,10.105,9.55,10.453,9.405,10.072,10.339,9.761
9.803,10.092,9.962,9.601,9.732,9.555,9.731,9.712,9.954,9.825
9.514,10.919,9.554,9.953,10.492,10.093,10.5,9.682,9.655,10.041
9.67,10.313,9.512,10.207,10.231,9.683,9.552,9.946,9.945,10.099
9.822,10.299,9.97,10.32,10.377,10.333,9.932,9.71,10.012,10.131
9.879,10.162,9.617,9.524,9.937,9.551,10.268,10.321,10.1,10.281
9.998,10.469,9.832,9.83,10.192,9.798,9.957,10.338,9.681,9.955
9.634,9.171,9.522,10.093,9.615,10.02,9.915,10.156,9.979,10.07
9.684,10.989,9.727,10.071,10.411,10.219,9.493,10.209,10.042,9.826
9.756,10.437,9.718,10.281,9.644,10.431,9.501,9.736,10.134,9.914
9.971,9.249,9.853,9.875,10.362,10.287,10.156,9.942,10.163,9.985
9.93,10.739,9.844,9.82,10.402,10.521,9.763,9.989,10.116,10.071
9.714,10.311,9.515,9.551,10.473,9.714,10.077,9.771,9.697,10.251
9.962,10.069,9.965,10.195,10.344,10.197,10.49,9.724,9.674,10.21
9.904,10.901,9.739,9.531,9.651,9.841,10.115,9.878,10.132,10.185
9.725,10.81,9.74,9.574,10.404,10.595,9.726,9.68,10.232,10.054
9.567,9.465,9.922,9.622,10.352,9.514,10.437,10.257,9.759,9.894
9.559,10.195,9.986,9.602,9.926,10.27,10.262,10.128,10.241,9.987
9.779,10.994,9.767,10.411,9.616,9.413,10.476,10.198,10.081,9.994
9.77,10.891,9.728,9.675,9.579,9.503,10.036,10.092,10.305,10.115
9.537,10.94,9.511,10.063,9.82,9.623,10.17,9.831,9.929,10.123
9.636,10.024,10.432,9.902,10.29,10.588,9.731,10.134,10.045,10.289
9.653,10.652,9.992,10.345,10.255,10.051,9.76,9.68,10.304,9.949
9.64,10.996,9.501,10.034,10.435,9.419,10.066,9.822,9.794,9.91
9.63,9.281,9.688,9.811,9.805,9.59,9.8,10.28,9.917,9.815
9.58,10.353,9.548,10.398,9.871,9.939,9.534,9.892,9.947,10.289
9.952,9.487,9.965,10.31,9.703,10.529,9.88,10.007,10.215,9.908
9.823,10.473,10.422,9.538,9.727,9.62,9.481,9.729,9.796,10.123
9.948,10.941,9.7,10.154,10.127,10.137,10.13,9.759,9.752,9.753
9.815,10.111,9.695,9.569,9.789,10.002,9.62,10.277,10.312,10.117
9.793,10.019,9.736,9.905,10.202,10.267,9.794,9.778,9.828,9.822
9.851,9.062,9.948,10.342,10.059,10.001,9.485,10.193,10.206,10.178
9.708,10.12,9.99,10.15,10.12,10.112,9.504,9.956,9.982,9.748
9.687,10.265,9.916,9.689,9.956,10.129,9.786,9.73,10.301,10.096
9.532,10.129,9.924,10.179,10.478,10.571,10.083,10.207,9.973,10
9.966,10.869,9.534,9.57,10.09,9.475,10.45,10.084,9.663,9.711
9.67,10.872,9.542,10.037,9.63,10.11,9.797,10.274,9.765,10.005
9.702,10.096,9.832,10.266,10.254,10.406,9.868,10.306,9.673,10.293
9.549,10.315,9.915,10.356,9.596,9.648,9.43,10.083,10.158,9.798
9.843,10.078,9.695,10.359,10.362,10.066,9.637,9.97,10.192,10.228
9.649,10.042,10.124,9.521,10.078,9.714,9.419,9.751,10.354,9.862
9.938,9.045,9.772,9.623,10.147,9.587,10.078,10.338,10.105,9.889
9.765,10.869,9.641,10.439,10.221,9.54,9.941,9.683,9.734,10.269
9.778,10.724,9.714,10.472,10.161,9.923,10.403,10.311,9.947,9.867
9.962,10.303,9.819,9.954,10.323,9.972,9.898,10.173,10.177,9.78
9.601,10.758,9.86,10.184,9.738,10.24,9.478,9.789,10.215,9.873
9.873,10.026,9.723,9.94,10.229,9.701,9.956,9.691,9.843,9.997
9.998,10.677,9.656,10.27,10.361,10.077,9.639,9.787,10.06,9.871
9.809,10.634,9.791,9.667,10.086,10.499,10.482,10.098,9.711,10.298
9.785,10.947,9.885,10.24,10.345,9.871,9.697,10.043,9.79,9.877
9.58,10.321,9.846,10.091,10.416,9.544,9.857,9.724,9.984,9.976
9.583,10.629,9.682,9.616,10.225,9.653,10.237,10.075,9.805,9.95
9.583,9.711,9.579,9.695,9.86,9.619,9.441,10.078,9.958,9.706
9.881,10.93,9.529,10.418,10.171,9.556,10.404,10.296,9.722,9.782
9.824,10.524,9.548,10.418,10.053,9.624,10.54,10.003,10.284,10.09
9.64,10.308,9.895,10.116,10.368,10.064,9.712,9.646,9.92,9.983
9.782,10.015,9.509,10.057,10.021,10.434,10.044,10.068,9.872,9.751
9.646,10.132,9.753,9.612,10.435,9.882,10.423,10.065,9.767,9.959
9.642,10.698,9.598,10.045,10.425,9.689,9.913,9.799,9.693,9.726
9.896,10.902,9.904,9.549,10.425,9.886,10.518,9.715,10.157,9.883
9.628,10.614,9.655,9.537,10.145,10.124,9.662,10.115,10.076,10.025
9.836,10.272,9.756,9.807,10.006,10.318,9.781,9.673,9.921,9.994
9.608,10.673,9.826,9.952,10.177,9.576,9.695,10.352,9.974,9.901
9.587,10.347,9.823,10.176,9.562,9.697,10.371,10.087,9.828,9.887
9.501,10.715,9.583,10.138,9.896,10.008,10.223,9.868,9.718,10.039
9.937,10.172,9.761,10.4,9.85,9.741,10.188,10.203,10.068,10.029
9.508,9.14,9.991,10.173,9.751,10.297,10.382,10.286,9.693,9.99
9.925,10.114,9.692,9.921,9.574,9.979,9.965,9.865,10.022,10.052
9.846,10.311,9.996,10.116,10.106,10.153,10.226,10.031,10.324,9.761
9.541,10.446,9.665,9.907,9.703,10.375,10.442,9.799,9.883,10.062
9.749,10.817,9.901,10.088,10.38,9.777,10.398,10.243,9.655,9.911
9.872,10.486,9.656,9.891,10.334,10.059,10.521,10.071,10.296,10.012
9.997,10.447,9.706,9.839,9.615,10.372,9.528,9.854,9.835,9.818
9.764,10.177,9.692,10.211,10.482,10.529,9.929,9.696,9.926,9.769
9.568,10.869,9.947,10.347,10.188,9.807,10.425,9.909,10.103,9.864
9.877,10.968,9.689,10.192,10.429,9.689,9.402,9.642,10.284,10.074
9.829,10.03,9.605,10.285,10.271,10.587,9.536,9.999,10.139,9.969
9.668,10.477,10.132,9.734,9.886,10.297,9.619,9.782,9.691,10.183
9.563,10.714,9.945,10.065,10.392,9.633,9.47,9.937,9.67,10.18
9.849,10.375,9.991,10.178,9.526,9.554,10.377,9.946,9.841,10.118
9.76,10.448,9.971,10.354,10.191,10.568,9.724,9.701,9.822,10.067
9.639,10.539,9.545,9.569,10.214,10.381,9.818,10.161,10.338,10.225
9.854,10.99,9.628,10.358,10.329,9.985,10.472,10.227,9.732,10.048
9.782,10.871,9.761,10.013,9.993,10.246,10.205,10.113,9.72,9.792
9.899,10.383,9.868,9.908,10.139,10.102,10.235,10.238,10.117,10.024
9.573,10.312,9.679,10.435,10.105,9.86,10.44,10.112,9.905,10.163
9.645,10.879,9.976,9.663,10.02,10.061,10.499,9.793,10.073,9.902
9.846,10.182,9.507,10.261,10.297,9.457,9.584,10.011,10.227,9.946
9.602,10.961,9.836,10.343,10.164,10.171,10.479,9.782,10.32,9.748
9.647,10.169,9.633,9.503,9.614,10.07,10.007,9.955,10.001,10.236
9.554,10.743,9.977,9.72,10.407,9.446,10.584,10.17,10.265,10.169
9.575,10.551,9.895,9.668,10.186,10.592,9.905,10.27,10.258,10.109
9.867,10.722,9.8,10.337,10.265,10.544,9.484,9.881,9.865,10.297
9.547,10.948,9.509,10.098,9.5,9.868,10.04,9.92,10.058,9.996
9.996,10.535,9.908,10.091,9.779,9.799,9.57,9.944,9.936,10.22
9.752,10.356,9.796,10.227,10.077,9.496,9.968,9.834,9.643,9.961
9.823,10.69,9.989,10.146,10.171,9.909,9.863,10.075,10.026,10.283
9.637,10.71,9.705,10.065,10.176,9.857,10.359,10.25,9.943,10.171
9.593,10.671,9.872,9.649,10.258,10.073,9.973,10.178,9.842,9.809
9.772,10.813,10.15,10.232,10.232,9.571,9.918,9.739,10.283,10.058
9.765,9.679,9.888,9.556,9.802,10.586,10.301,9.673,9.693,9.748
9.598,9.591,9.662,10.034,10.241,10.451,9.651,9.736,10.193,10.232
9.781,10.31,9.622,10.029,10.003,10.107,9.847,10.335,9.668,9.944
9.606,10.312,9.794,10.46,10.011,10.204,9.711,10.162,10.119,10.211
9.537,10.374,9.753,10.005,10.424,9.943,10.534,9.65,9.82,10.166
9.886,10.45,9.991,10.344,9.78,10.16,9.848,10.173,10.229,10.256
9.548,10.753,9.905,9.51,9.838,9.645,9.651,9.701,9.966,10.259
9.675,10.311,9.926,9.654,10.108,9.56,9.542,9.674,9.672,9.85
9.861,10.399,9.83,10.052,10.37,9.576,9.93,9.698,10.347,9.976
9.567,10.72,9.68,10.139,10.209,9.671,9.637,9.765,10.024,9.798
9.704,10.174,10.08,10.42,9.631,10.145,9.555,10.35,10.236,9.965
9.983,10.309,9.967,10.181,10.26,9.415,10.115,10.032,9.792,9.985
9.89,10.345,9.797,10.482,10.164,10.186,10.025,10.045,10.03,10.284
9.789,10.151,9.693,10.431,9.937,10.223,10.374,9.668,10.117,10.115
9.99,10.167,9.846,9.552,10.121,9.791,9.404,10.311,10.12,9.972
9.946,10.014,9.54,10.471,10.417,9.527,9.77,9.646,10.339,10.012
9.97,10.079,9.5,10.186,9.613,10.272,9.65,10.218,9.86,9.897
9.549,10.514,9.649,9.988,10.161,9.542,9.742,10.002,9.659,10.062
9.714,9.1,9.92,10.273,10.46,9.615,10.532,10.162,9.642,9.83
9.872,9.494,9.615,10.279,10.476,10.51,9.43,10.02,10.304,9.797
9.687,10.88,9.878,9.849,10.01,10.427,10.437,9.734,9.664,10.278
9.766,10.425,9.783,10.33,10.43,10.565,10.315,9.942,10.147,9.955
9.637,9.451,9.919,10.41,9.525,10.363,10.573,10.049,10.043,9.947
9.907,10.721,9.95,10.263,10.139,10.357,10.092,9.876,9.837,10.249
9.723,10.54,9.548,10.46,10.093,10.463,10.164,9.898,9.729,9.816
9.914,10.989,10.078,10.211,10.148,9.441,10.263,10.32,9.719,10.114
9.749,10.508,9.871,10.063,9.75,10.305,9.95,10.206,9.754,9.834
9.536,9.987,9.65,10.055,10.092,9.756,10.282,10.115,9.725,10.01
9.913,10.934,9.653,10.398,10.43,9.485,9.44,10.318,9.758,9.952
9.838,10.853,9.992,10.354,9.571,10.142,9.413,10.036,10.158,9.908
9.877,10.696,9.508,9.703,10.048,9.984,9.799,10.283,9.825,10.004
9.828,10.405,9.919,10.491,10.465,9.761,10.077,10.329,10.018,10.163
9.901,10.511,9.692,9.551,9.547,10.231,9.483,9.941,9.938,9.812
9.747,10.751,10.032,10.287,10.009,10.361,9.544,9.961,9.99,10.003
9.76,10.257,9.796,10.186,10.081,9.624,10.581,10.241,9.996,9.765
9.967,10.885,9.966,9.76,10.338,9.975,9.671,10.043,10.013,9.979
9.805,10.355,9.847,10.402,10.157,10.254,9.642,9.689,9.937,9.971
9.531,10.166,9.539,10.199,10.326,9.701,10.014,9.696,10.027,10.299
9.945,10.823,9.592,9.942,10.216,10.167,10.318,9.823,9.74,10.123
9.994,10.416,9.666,9.986,10.121,10.104,9.564,9.681,10.118,10.17
9.581,10.714,9.702,10.291,10.247,10.048,9.635,10.127,9.994,10.219
9.506,9.699,9.577,9.623,9.581,10.053,9.957,10.256,9.847,9.716
9.893,10.647,9.781,10.375,9.837,9.603,10.338,10.114,10.287,9.79
9.614,10.599,9.871,10.431,10.295,10.373,9.875,10.346,10.08,9.947
9.889,10.252,9.676,9.598,10.242,10.006,9.962,10.131,10.053,9.833
9.701,10.605,9.611,10.073,10.445,10.011,9.534,9.677,10.068,9.847
9.555,10.799,9.701,10.086,10.045,10.134,9.703,9.996,9.765,10.094
9.654,10.065,9.709,9.869,10.11,9.936,9.519,9.847,10.074,9.913
9.819,10.466,9.972,10.032,9.605,9.522,9.484,9.974,10.192,10.291
9.738,10.558,9.984,10.417,10.251,9.965,10.099,9.982,9.729,9.805
9.671,10.158,9.615,10.045,10.47,9.745,9.596,10.156,9.889,9.798
9.914,10.665,9.812,10.144,10.188,10.486,9.91,10.219,9.863,9.897
9.857,10.173,9.947,9.925,9.526,10.241,10.122,9.935,10.204,9.856
9.529,10.879,9.897,9.749,10.421,9.849,10.39,9.882,10.143,9.962
9.704,9.975,9.947,10.2,10.401,9.908,9.747,9.843,9.916,10.219
9.774,10.111,10.365,9.526,10.293,10.51,10.494,10.202,10.253,9.861
9.723,10.355,9.863,9.987,10.396,9.609,9.787,9.762,10.076,9.873
9.756,10.119,9.529,10.449,10.073,10.019,9.477,10.096,10.227,10.276
9.578,10.32,10.057,10.068,10.026,9.583,10.418,10.03,9.797,10.098
9.845,10.751,9.555,10.474,10.124,10.139,10.295,9.857,10.171,10.163
9.963,10.862,9.985,10.326,10.228,10.475,9.577,9.993,10.345,9.89
9.856,10.789,10.422,9.652,10.045,10.589,10.08,9.703,9.686,9.947
9.538,10.474,9.836,10.465,10.044,9.804,10.267,10.308,9.9,9.856
9.514,9.429,10.154,10.117,10.329,10.025,9.883,10.158,10.282,9.831
9.704,10.296,9.924,10.284,10.173,10.422,10.252,9.706,10.089,9.947
9.883,9.971,9.901,9.611,10.454,10.574,10.577,10.35,9.782,10.298
9.784,10.256,9.674,9.889,10.468,9.556,9.453,10.3,10.335,10.063
9.739,10.423,9.523,10.38,9.644,9.88,10.585,10.146,10.096,10.249
9.96,10.111,9.629,9.773,10.236,9.995,10.381,10.14,9.958,9.839
9.79,10.468,10.186,10.216,10.272,10.516,10.094,10.02,10.263,9.986
9.563,10.835,9.993,9.816,10.147,9.884,10.178,9.767,9.761,9.858
9.511,10.312,9.802,10.483,9.539,9.743,9.494,10.238,9.848,9.972
9.534,10.299,9.781,10.126,10.136,10.066,9.834,10.209,10.352,10.078
9.846,10.443,9.895,9.517,10.376,10.461,10.332,10.305,9.66,10.264
9.941,10.878,9.559,10.007,10.227,9.898,9.514,9.992,10.195,10.075
9.538,9.441,9.558,10.457,10.073,9.826,9.87,9.888,10.064,10.112
9.551,10.107,9.936,10.448,10.11,10.432,10.177,10.095,10.116,9.901
9.884,9.181,9.98,10.34,10.432,10.354,9.477,10.198,9.957,10.287
9.507,10.957,9.996,10.01,10.43,9.979,9.591,10.007,9.708,10.285
9.506,10.018,9.922,10.168,9.73,10.359,9.719,9.957,9.866,9.739
9.575,10.491,9.617,10.039,10.227,9.864,10.181,10.064,9.838,9.772
9.777,10.443,9.878,10.066,10.424,9.641,10.195,10.008,9.668,9.976
9.506,10.848,9.699,10.231,10.399,10.591,10.429,10.202,10.139,9.903
9.881,10.664,9.923,10.463,9.732,10.197,9.646,9.994,10.186,10.165
9.753,10.162,10.209,10.162,10.49,9.599,10.384,10.166,9.773,9.86
9.782,10.323,10.167,10.43,10.198,9.537,10.07,10.351,10.11,9.87
9.71,10.119,9.853,9.508,10.308,10.412,10.576,10.187,9.957,10.056
9.883,10.133,9.765,10.478,9.594,10.461,10.34,9.837,10.123,9.996
9.538,10.772,10.344,10.251,9.725,9.627,10.086,9.696,10.292,10.03
9.552,10.778,9.654,10.129,10.448,10.198,10.544,10.304,9.773,10.062
9.921,10.123,9.992,10.474,10.001,10.51,10.188,9.867,10.354,10.159
9.748,9.42,10.029,9.702,9.518,9.718,9.647,9.921,10.09,9.982
9.858,10.204,9.627,9.89,10.14,10.235,10.004,10.067,9.659,9.94
9.543,10.812,9.736,10.287,10.452,10.292,9.714,10.164,9.855,10.271
9.672,10.124,9.787,9.564,10.263,10.334,10.313,9.812,9.758,10.26
9.553,10.483,10.296,10.373,10.381,9.525,9.884,9.833,9.688,9.926
9.667,10.362,9.862,9.749,10.118,9.501,10.306,9.902,9.704,9.946
9.571,10.557,9.847,10.478,9.72,9.905,10.345,9.773,10.312,9.813
9.97,10.385,9.69,9.749,10.339,10.408,9.652,10.224,9.814,10.118
9.642,10.392,9.58,10.167,9.691,9.772,9.664,10.028,10.303,9.92
9.751,10.455,9.777,10.486,9.943,9.558,9.725,9.808,10.207,9.827
9.83,10.947,9.759,10.168,10.062,9.682,10.283,9.963,9.863,10.264
9.832,10.884,9.858,10.35,10.127,9.622,9.61,10.347,9.811,10.012
9.694,9.316,9.663,10.09,10.397,9.809,9.527,10.35,10.037,10.042
9.846,10.045,9.813,9.835,9.877,10.289,9.495,10.323,9.653,10.194
9.507,10.036,9.678,10.203,10.17,10.199,9.426,9.798,9.697,9.934
9.572,10.647,9.683,10.24,10.28,9.693,10.48,9.773,10.109,9.79
9.612,10.219,9.738,10.298,10.173,10.497,10.393,9.943,9.942,10.041
9.607,10.169,10.005,9.535,10.421,9.579,10.374,10.027,9.87,9.904
9.886,9.986,9.579,10.447,9.801,9.674,9.974,9.778,9.689,9.735
9.955,9.529,9.769,10.403,10.161,10.357,9.591,9.771,10.255,9.938
9.76,10.445,9.568,9.619,10.213,10.104,10.375,10.237,9.851,10.005
9.788,10.594,9.81,10.033,10.137,9.962,10.282,9.765,10.307,10.05
9.53,10.001,9.587,10.01,9.812,10.149,10.083,10.04,10.234,10.106
9.886,10.808,9.595,10.133,10.268,9.868,10.199,9.933,9.908,9.855
9.943,10.518,9.622,10.142,10.332,10.086,9.64,9.894,9.642,10.222
9.665,10.757,10.461,9.731,10.473,10.331,10.542,10.333,9.735,10.057
9.517,10.662,9.94,10.263,9.705,10.443,9.574,10.25,10.237,9.755
9.716,10.596,9.859,9.984,9.582,9.661,9.87,10.025,9.877,9.763
9.755,10.812,9.856,10.343,10.362,10.339,9.981,9.802,10.071,9.835
9.603,10.254,9.882,10.01,10.371,9.678,9.405,10.103,9.852,9.851
9.811,10.688,9.779,10.264,10.06,9.75,10.321,9.89,10.15,10.191
9.502,10.03,9.573,10.305,10.421,9.439,10.155,10.125,10.22,10.086
9.869,10.354,9.709,10.114,10.299,9.48,10.004,10.141,9.864,10.265
9.518,10.323,9.786,9.705,10.221,9.794,10.14,10.194,10.031,10.261
9.753,10.568,9.731,9.904,9.53,9.629,10.351,9.753,10.314,9.834
9.591,10.663,9.892,10.226,10.272,10.288,9.538,9.727,9.921,9.773
9.672,10.732,9.505,10.371,9.533,10.325,9.522,10.326,9.942,10.125
9.726,10.869,9.557,10.219,9.997,10.134,9.89,9.897,9.993,9.85
9.785,10.618,9.505,10.265,10.432,10.493,9.969,9.978,9.956,9.742
9.516,10.009,9.531,9.819,9.748,10.085,10.225,10.345,10.178,9.937
9.895,10.62,9.756,9.992,9.765,10.05,9.78,9.693,9.702,9.747
9.771,10.175,10.342,10.053,10.085,10.263,9.404,10.326,9.708,9.817
9.963,10.211,9.991,10.463,10.006,10.091,9.717,9.699,9.894,10.036
9.911,10.401,9.976,9.54,9.871,9.7,9.9,10.332,10.101,9.927
9.588,9.342,9.705,9.9,10.369,10.293,9.402,10.088,9.86,9.98
9.718,10.552,9.853,9.604,10.346,10.07,10.26,10.13,10.042,9.971
9.682,10.482,10.298,10.066,10.436,9.477,9.429,9.889,10.167,10.222
9.563,10.392,9.877,10.315,9.58,9.535,10.53,10.336,9.813,9.761
9.869,10.312,9.848,9.778,10.212,9.945,9.866,9.951,10.117,10.034
9.966,9.589,9.566,10.154,10.25,9.546,10.225,10.247,10.296,9.976
9.791,10.378,9.611,10.486,10.041,9.688,9.502,9.787,9.865,9.814
9.681,10.61,9.744,10.36,10.309,10.03,10.488,10.259,10.329,9.798
9.662,10.946,9.665,9.841,10.009,10.086,9.709,10.317,9.945,10.021
9.77,10.448,9.796,10.018,10.042,10.48,9.661,10.269,10.12,10.209
9.711,10.092,9.746,9.794,10.424,10.096,10.473,9.843,10.052,9.759
10.231,10.355,9.718,9.727,10.395,10.549,9.691,10.283,9.708,10.001
9.926,10.461,9.609,10.307,10.023,9.782,10.353,10.359,9.766,10.182
9.868,10.568,9.526,10.277,10.198,9.404,9.853,10.015,10.14,10.004
9.656,10.929,9.977,10.476,10.315,9.979,9.936,10.117,10.264,10.092
9.938,10.367,9.642,9.502,10.336,10.332,9.427,9.67,10.232,10.169
9.527,10.148,9.782,9.939,10.28,10.471,9.998,9.86,9.907,9.751
9.748,10.739,10.343,9.656,10.334,9.79,10.464,10.129,10.306,9.934
9.597,10.597,10.409,9.876,9.582,9.765,9.672,9.994,9.979,10.188
9.836,10.391,9.58,10.494,10.014,9.84,9.609,10.259,9.915,9.795
9.758,10.052,9.606,10.101,9.574,10.433,9.497,9.966,9.738,9.78
9.609,10.288,9.724,10.497,9.68,10.394,10.25,9.812,10.048,10.042
9.616,10.611,9.888,10.28,10.189,9.737,9.883,10.047,9.883,10.023
9.688,10.453,9.509,9.921,10.449,9.825,9.641,10.143,9.743,10.056
9.842,10.181,9.657,10.416,10.055,9.597,10.459,10.243,10.024,9.84
9.586,10.294,10.186,10.232,10.482,9.58,10.209,9.987,9.934,9.872
9.514,10.024,9.916,10.087,10.255,10.255,10.027,9.692,9.793,9.997
9.573,10.378,10.073,10.107,10.435,10.118,10.19,9.884,9.87,10.104
9.654,10.275,9.598,9.825,10.02,9.738,10.168,9.73,10.286,9.836
9.931,10.054,9.517,10.423,9.869,10.078,10.377,9.745,10.114,10.208
9.857,10.8,9.607,9.706,9.744,9.593,9.561,10.093,9.683,9.92
9.849,10.838,9.923,10.146,9.885,9.577,10.25,10.115,10.348,9.942
9.582,10.129,9.753,10.464,10.105,9.75,9.99,10.283,10.328,10.054
9.896,10.737,9.715,10.173,10.4,9.67,10.57,10.007,9.642,9.847
9.707,10.292,9.815,10.426,9.595,10.319,9.829,10.15,10.01,10.205
9.751,10.996,10.157,9.639,9.949,10.422,9.498,9.896,9.69,10.093
10.025,10.034,9.998,10.337,10.313,9.763,10.082,10.032,10.135,9.722
9.88,10.257,9.998,10.095,10.226,10.563,10.329,10.178,9.93,10.022
9.927,10.121,9.985,10.423,10.315,9.936,10.403,9.836,10.161,9.717
9.801,10.069,9.719,10.071,9.846,9.594,10.065,9.958,10.293,9.745
9.989,10.799,9.501,10.113,10.025,10.326,10.151,10.271,10.234,10.2
9.501,10.476,9.638,10.112,9.629,10.565,9.762,9.676,9.782,9.793
9.723,9.431,9.821,9.935,10.071,10.156,9.47,10.339,10.067,10.048
9.725,10.294,9.72,10.008,10.105,9.814,9.455,10.046,9.757,9.723
9.941,10.17,9.693,10.042,9.698,10.331,9.779,10.132,9.78,9.83
9.969,10.792,9.946,10.175,10.252,10.102,10.249,9.841,10.043,9.856
9.627,10.297,9.889,10.315,10.066,10.503,9.958,9.928,9.693,9.722
9.678,10.551,9.813,9.995,10.069,10.304,10.509,10.21,10.04,10.116
9.735,10.553,9.815,10.077,10.021,9.638,9.401,9.799,9.925,9.701
9.581,10.408,9.969,10.248,9.587,10.157,9.51,9.889,10.282,9.967
9.625,10.115,10.429,10.261,10.202,9.924,9.832,10.231,10.235,9.738
9.585,10.674,9.829,10.053,9.664,10.37,10.54,10.088,9.647,9.913
